timestamp,script_name,action,status,message
5/6/2025 10:05,autotrade.py,startup,STARTED,AutoTrade script started.
5/6/2025 10:06,autotrade.py,startup,STARTED,AutoTrade script started.
5/6/2025 10:08,autotrade.py,end,NO TRADE,No stock bought today.
5/6/2025 10:16,autotrade.py,startup,STARTED,AutoTrade script started.
5/6/2025 10:18,autotrade.py,end,NO TRADE,No stock bought today.
5/6/2025 10:24,autotrade.py,startup,STARTED,AutoTrade script started.
5/6/2025 10:27,autotrade.py,end,NO TRADE,No stock bought today.
5/7/2025 9:25,autotrade.py,startup,STARTED,AutoTrade script started.
5/7/2025 9:28,autotrade.py,end,NO TRADE,No stock bought today.
5/7/2025 9:28,autotrade.py,startup,STARTED,AutoTrade script started.
5/7/2025 9:32,autotrade.py,end,NO TRADE,No stock bought today.
5/8/2025 9:25,autotrade.py,startup,STARTED,AutoTrade script started.
5/8/2025 9:25,autotrade.py,end,NO TRADE,No stock bought today.
5/9/2025 17:53,autotrade.py,startup,STARTED,AutoTrade script started.
5/9/2025 17:53,autotrade.py,market_status,INFO,"Market closed today, skipping trading."
5/9/2025 17:53,autotrade.py,end,NO TRADE,No stock bought today.
5/10/2025 10:48,autotrade.py,startup,STARTED,AutoTrade script started.
5/10/2025 10:53,autotrade.py,end,NO TRADE,No stock bought today.
5/12/2025 13:15,autotrade.py,startup,STARTED,AutoTrade script started.
5/12/2025 13:16,autotrade.py,end,NO TRADE,No stock bought today.
5/13/2025 9:25,autotrade.py,startup,STARTED,AutoTrade script started.
5/13/2025 9:25,autotrade.py,end,NO TRADE,No stock bought today.
5/14/2025 9:25,autotrade.py,startup,STARTED,AutoTrade script started.
5/14/2025 9:25,autotrade.py,end,NO TRADE,No stock bought today.
5/15/2025 9:25,autotrade.py,startup,STARTED,AutoTrade script started.
5/15/2025 9:25,autotrade.py,end,NO TRADE,No stock bought today.
5/16/2025 9:25,autotrade.py,startup,STARTED,AutoTrade script started.
5/16/2025 9:25,autotrade.py,end,NO TRADE,No stock bought today.
5/19/2025 9:12,autotrade.py,startup,STARTED,AutoTrade script started.
5/19/2025 9:12,autotrade.py,market_status,INFO,"Market closed today, skipping trading."
5/19/2025 9:12,autotrade.py,end,NO TRADE,No stock bought today.
5/19/2025 9:25,autotrade.py,startup,STARTED,AutoTrade script started.
5/19/2025 9:25,autotrade.py,end,NO TRADE,No stock bought today.
2025-05-19 16:31:32,autotrade.py,startup,STARTED,AutoTrade script started.
2025-05-19 16:31:32,autotrade.py,market_status,INFO,"Market closed today, skipping trading."
2025-05-19 16:31:32,autotrade.py,end,NO TRADE,No stock bought today.
2025-05-19 16:32:45,daily_growth_logger.py,Growth Log Update,✅ COMPLETE,Profit: ₹-37.36 | Capital: ₹3000.0
2025-05-19 16:39:54,dynamic_stock_generator.py,Stock List Updated,✅ COMPLETE,35 stocks saved
2025-05-19 17:03:43,dynamic_stock_generator.py,Stock List Updated,✅ COMPLETE,35 stocks saved
2025-05-19 17:26:57,dynamic_stock_generator.py,Stock List Updated,✅ COMPLETE,35 stocks saved
2025-05-20 09:25:04,autotrade.py,startup,STARTED,AutoTrade script started.
2025-05-20 09:25:05,autotrade.py,end,NO TRADE,No stock bought today.
2025-05-20 13:58:57,dynamic_stock_generator.py,Stock List Updated,✅ COMPLETE,3 stocks saved
2025-05-20 14:02:15,dynamic_stock_generator.py,Stock List Updated,✅ COMPLETE,3 stocks saved
2025-05-20 14:10:45,dynamic_stock_generator.py,Stock List Updated,✅ COMPLETE,3 stocks saved
2025-05-20 14:14:59,dynamic_stock_generator.py,Stock List Updated,✅ COMPLETE,3 stocks saved
2025-05-20 14:18:57,dynamic_stock_generator.py,Stock List Updated,✅ COMPLETE,3 stocks saved
2025-05-20 14:22:42,dynamic_stock_generator.py,Stock List Updated,✅ COMPLETE,3 stocks saved
2025-05-20 14:24:48,dynamic_stock_generator.py,Stock List Updated,✅ COMPLETE,3 stocks saved
2025-05-20 14:26:41,dynamic_stock_generator.py,Stock List Updated,✅ COMPLETE,3 stocks saved
2025-05-20 14:28:15,dynamic_stock_generator.py,Stock List Updated,✅ COMPLETE,3 stocks saved
2025-05-20 14:34:28,dynamic_stock_generator.py,Stock List Updated,✅ COMPLETE,3 stocks saved
2025-05-20 14:40:36,dynamic_stock_generator.py,Stock List Updated,✅ COMPLETE,3 stocks saved
2025-05-20 14:42:48,dynamic_stock_generator.py,Stock List Updated,✅ COMPLETE,3 stocks saved
2025-05-20 14:44:09,dynamic_stock_generator.py,Stock List Updated,✅ COMPLETE,3 stocks saved
2025-05-20 14:44:23,dynamic_stock_generator.py,Stock List Updated,✅ COMPLETE,3 stocks saved
2025-05-20 14:46:15,dynamic_stock_generator.py,Stock List Updated,✅ COMPLETE,3 stocks saved
2025-05-20 15:34:41,dynamic_stock_generator.py,Stock List Updated,✅ COMPLETE,3 stocks saved
2025-05-20 15:38:18,dynamic_stock_generator.py,Stock List Updated,✅ COMPLETE,3 stocks saved
2025-05-20 15:45:01,daily_growth_logger.py,Growth Log Update,✅ COMPLETE,Profit: ₹-37.36 | Capital: ₹3000.0
2025-05-20 15:54:53,dynamic_stock_generator.py,Stock List Updated,✅ COMPLETE,3 stocks saved
2025-05-20 15:57:04,dynamic_stock_generator.py,Stock List Updated,✅ COMPLETE,3 stocks saved
